ID,Title,Description,MaxWidth,MaxHeight,PriceAmount,PriceCurrencyID,IsDeleted,CreatedByID,CreatedDate,ModifiedByID,ModifiedDate
100001,Test Image 1,,100,100,100,5,0,100001,10/1/2021,,
100002,Test Image 2,,,,30,5,0,100001,10/1/2021,,
100003,Test Image 3,,,,,,0,100001,10/1/2021,,
100004,Test Image 4,,100,100,,,0,100001,10/1/2021,,
100005,Test Image 5,,,,20,5,0,100001,10/1/2021,,
100006,Test Image 6,,,,,,0,100001,10/1/2021,,
100007,Test Image 7,,,,50,5,0,100001,10/1/2021,,
100008,Test Image 8,,120,80,120,5,0,100001,10/1/2021,,
100009,Test Image 9,,,,,,0,100001,10/1/2021,,
100010,Test Image 10,,,,,,0,100001,10/1/2021,,
100011,Test Image 11,,,,,,0,100001,10/1/2021,,
100012,Test Image 12,,140,120,30,5,0,100001,10/1/2021,,
100013,Test Image 13,,,,,,0,100001,10/1/2021,,
100014,Test Image 14,,200,260,,,0,100001,10/1/2021,,
100015,Test Image 15,,120,80,,,0,100001,10/1/2021,,
100016,Test Image 16,,,,50,5,0,100001,10/1/2021,,
100017,Test Image 17,,100,100,60,5,0,100001,10/1/2021,,
100018,Test Image 18,,100,100,,,0,100001,10/1/2021,,
100019,Test Image 19,,100,100,120,5,0,100001,10/1/2021,,
100020,Test Image 20,,100,100,,,0,100001,10/1/2021,,
100021,Test Image 21,,,,,,0,100001,10/1/2021,,
100022,Test Image 22,,100,100,100,5,0,100001,10/1/2021,,
100023,Test Image 23,,,,30,5,0,100001,10/1/2021,,
100024,Test Image 24,,,,,,0,100001,10/1/2021,,
100025,Test Image 25,,100,100,,,0,100001,10/1/2021,,
100026,Test Image 26,,,,20,5,0,100001,10/1/2021,,
100027,Test Image 27,,,,,,0,100001,10/1/2021,,
100028,Test Image 28,,,,50,5,0,100001,10/1/2021,,
100029,Test Image 29,,120,80,120,5,0,100001,10/1/2021,,
100030,Test Image 30,,,,,,0,100001,10/1/2021,,
100031,Test Image 31,,,,,,0,100001,10/1/2021,,
100032,Test Image 32,,,,,,0,100001,10/1/2021,,
100033,Test Image 33,,140,120,30,5,0,100001,10/1/2021,,
100034,Test Image 34,,,,,,0,100001,10/1/2021,,
100035,Test Image 35,,200,260,,,0,100001,10/1/2021,,
100036,Test Image 36,,120,80,,,0,100001,10/1/2021,,
100037,Test Image 37,,,,50,5,0,100001,10/1/2021,,
100038,Test Image 38,,100,100,60,5,0,100001,10/1/2021,,
100039,Test Image 39,,100,100,,,0,100001,10/1/2021,,
100040,Test Image 40,,100,100,120,5,0,100001,10/1/2021,,
100041,Test Image 41,,100,100,,,0,100001,10/1/2021,,
100042,Test Image 42,,,,,,0,100001,10/1/2021,,
100043,Test Image 43,,,,,,0,100001,10/1/2021,,
100044,Test Image 44,,100,100,120,5,0,100001,10/1/2021,,
100045,Test Image 45,,,,,,0,100001,10/1/2021,,
100046,Test Image 46,,,,,,0,100001,10/1/2021,,
100047,Test Image 47,,140,120,30,5,0,100001,10/1/2021,,
100048,Test Image 48,,,,,,0,100001,10/1/2021,,
100049,Test Image 49,,200,260,,,0,100001,10/1/2021,,
100050,Test Image 50,,120,80,,,0,100001,10/1/2021,,