ID,OrderID,ImageID,Width,Height,SizeID,FrameTypeID,FrameSizeID,MatID,MaterialTypeID,MountingTypeID,ItemCount,PriceAmountPerItem,PriceCurrencyID,Comments,PrintingHouseID,IsDeleted,CreatedDate,CreatedByID,ModifiedDate,ModifiedByID
100001,100001,100006,100,50,,100017,100006,100001,100004,100008,1,150,5,,,0,10/1/2021,100001,,
100002,100001,100023,80,110,,100010,100003,100003,100003,100007,1,100,5,,,0,10/1/2021,100001,,
100003,100001,100011,,,100009,100004,100011,100004,100003,100001,2,50,5,,,0,10/1/2021,100001,,
100004,100002,100025,40,80,,100005,100011,100004,100004,100007,1,110,5,,,0,10/1/2021,100001,,
100005,100003,100027,90,60,,100018,100005,100001,100002,100006,1,20,5,,,0,10/1/2021,100001,,
100006,100003,100023,,,100010,100002,100002,100005,100003,100001,1,60,5,,,0,10/1/2021,100001,,
100007,100004,100006,50,110,,100002,100001,100002,100004,100006,1,80,5,,,0,10/1/2021,100001,,
100008,100004,100001,120,100,,100008,100006,100002,100004,100001,2,200,5,,,0,10/1/2021,100001,,
100009,100004,100024,,,100009,100006,100011,100003,100001,100008,3,80,5,,,0,10/1/2021,100001,,
100010,100005,100023,50,70,,100014,100003,100004,100001,100005,1,190,5,,,0,10/1/2021,100001,,
100011,100006,100017,80,90,,100005,100007,100005,100001,100006,1,110,5,,,0,10/1/2021,100001,,
100012,100007,100013,,,100008,100003,100003,100001,100003,100007,1,10,5,,,0,10/1/2021,100001,,
100013,100007,100041,60,50,,100009,100004,100004,100002,100005,1,200,5,,,0,10/1/2021,100001,,
100014,100008,100043,60,50,,100004,100003,100002,100004,100003,1,110,5,,,0,10/1/2021,100001,,
100015,100008,100015,,,100002,100004,100005,100002,100001,100006,1,100,5,,,0,10/1/2021,100001,,
100016,100008,100041,110,80,,100006,100009,100002,100002,100008,1,170,5,,,0,10/1/2021,100001,,
100017,100009,100039,50,60,,100011,100003,100002,100002,100005,1,50,5,,,0,10/1/2021,100001,,
100018,100010,100009,,,100003,100014,100002,100002,100001,100001,1,40,5,,,0,10/1/2021,100001,,
100019,100010,100016,40,80,,100018,100001,100002,100001,100005,1,70,5,,,0,10/1/2021,100001,,
100020,100011,100014,100,110,,100005,100007,100003,100002,100002,2,80,5,,,0,10/1/2021,100001,,
100021,100012,100038,,,100004,100003,100004,100003,100002,100005,1,140,5,,,0,10/1/2021,100001,,
